,count,mean,std,min,25%,50%,75%,max
carat,53940.0,0.79794,0.474011,0.2,0.4,0.7,1.04,5.01
depth,53940.0,61.749405,1.432621,43.0,61.0,61.8,62.5,79.0
table,53940.0,57.457184,2.234491,43.0,56.0,57.0,59.0,95.0
price,53940.0,3932.799722,3989.439738,326.0,950.0,2401.0,5324.25,18823.0
x,53940.0,5.731157,1.121761,0.0,4.71,5.7,6.54,10.74
y,53940.0,5.734526,1.142135,0.0,4.72,5.71,6.54,58.9
z,53940.0,3.538734,0.705699,0.0,2.91,3.53,4.04,31.8
